<?xml version='1.0' encoding='UTF-8' standalone='yes' ?><hierarchy rotation="0"><node index="0" text="" resource-id="" class="android.widget.FrameLayout" package="org.wordpress.android" content-desc="" checkable="false" checked="false" clickable="false" enabled="true" focusable="false" focused="false" scrollable="false" long-clickable="false" password="false" selected="false" bounds="[0,0][1440,2392]"><node index="0" text="" resource-id="" class="android.widget.LinearLayout" package="org.wordpress.android" content-desc="" checkable="false" checked="false" clickable="false" enabled="true" focusable="false" focused="false" scrollable="false" long-clickable="false" password="false" selected="false" bounds="[0,0][1440,2392]"><node index="0" text="" resource-id="" class="android.widget.FrameLayout" package="org.wordpress.android" content-desc="" checkable="false" checked="false" clickable="false" enabled="true" focusable="false" focused="false" scrollable="false" long-clickable="false" password="false" selected="false" bounds="[0,84][1440,2392]"><node index="0" text="" resource-id="org.wordpress.android:id/action_bar_root" class="android.widget.FrameLayout" package="org.wordpress.android" content-desc="" checkable="false" checked="false" clickable="false" enabled="true" focusable="false" focused="false" scrollable="false" long-clickable="false" password="false" selected="false" bounds="[0,84][1440,2392]"><node index="0" text="" resource-id="android:id/content" class="android.widget.FrameLayout" package="org.wordpress.android" content-desc="" checkable="false" checked="false" clickable="false" enabled="true" focusable="false" focused="false" scrollable="false" long-clickable="false" password="false" selected="false" bounds="[0,84][1440,2392]"><node index="0" text="" resource-id="org.wordpress.android:id/coordinator" class="android.view.ViewGroup" package="org.wordpress.android" content-desc="" checkable="false" checked="false" clickable="false" enabled="true" focusable="false" focused="false" scrollable="false" long-clickable="false" password="false" selected="false" bounds="[0,84][1440,2392]"><node index="0" text="" resource-id="org.wordpress.android:id/appbar_main" class="android.widget.LinearLayout" package="org.wordpress.android" content-desc="" checkable="false" checked="false" clickable="false" enabled="true" focusable="false" focused="false" scrollable="false" long-clickable="false" password="false" selected="false" bounds="[0,84][1440,448]"><node index="0" text="" resource-id="org.wordpress.android:id/toolbar" class="android.view.ViewGroup" package="org.wordpress.android" content-desc="" checkable="false" checked="false" clickable="false" enabled="true" focusable="false" focused="false" scrollable="false" long-clickable="false" password="false" selected="false" bounds="[0,84][1440,280]"><node index="0" text="" resource-id="" class="android.widget.ImageButton" package="org.wordpress.android" content-desc="Navigate up" checkable="false" checked="false" clickable="true" enabled="true" focusable="true" focused="false" scrollable="false" long-clickable="false" password="false" selected="false" bounds="[0,84][196,280]" /><node index="1" text="Blog Posts" resource-id="" class="android.widget.TextView" package="org.wordpress.android" content-desc="" checkable="false" checked="false" clickable="false" enabled="true" focusable="false" focused="false" scrollable="false" long-clickable="false" password="false" selected="false" bounds="[252,134][618,229]" /><node index="2" text="" resource-id="" class="androidx.appcompat.widget.LinearLayoutCompat" package="org.wordpress.android" content-desc="" checkable="false" checked="false" clickable="false" enabled="true" focusable="false" focused="false" scrollable="false" long-clickable="false" password="false" selected="false" bounds="[1104,84][1440,280]"><node index="0" text="" resource-id="org.wordpress.android:id/toggle_post_search" class="android.widget.TextView" package="org.wordpress.android" content-desc="Search" checkable="false" checked="false" clickable="true" enabled="true" focusable="true" focused="false" scrollable="false" long-clickable="false" password="false" selected="false" bounds="[1104,98][1272,266]" /><node index="1" text="" resource-id="org.wordpress.android:id/toggle_post_list_item_layout" class="android.widget.TextView" package="org.wordpress.android" content-desc="Switch to list view" checkable="false" checked="false" clickable="true" enabled="true" focusable="true" focused="false" scrollable="false" long-clickable="false" password="false" selected="false" bounds="[1272,98][1440,266]" /></node></node><node index="1" text="" resource-id="org.wordpress.android:id/tabContainer" class="android.widget.RelativeLayout" package="org.wordpress.android" content-desc="" checkable="false" checked="false" clickable="false" enabled="true" focusable="false" focused="false" scrollable="false" long-clickable="false" password="false" selected="false" bounds="[0,280][1440,448]"><node index="0" text="" resource-id="org.wordpress.android:id/post_list_author_selection" class="android.widget.Spinner" package="org.wordpress.android" content-desc="Post author" checkable="false" checked="false" clickable="true" enabled="true" focusable="true" focused="false" scrollable="true" long-clickable="true" password="false" selected="false" bounds="[0,280][210,447]"><node index="0" text="" resource-id="" class="android.widget.FrameLayout" package="org.wordpress.android" content-desc="" checkable="false" checked="false" clickable="false" enabled="true" focusable="false" focused="false" scrollable="false" long-clickable="false" password="false" selected="false" bounds="[0,280][196,447]"><node index="0" text="" resource-id="org.wordpress.android:id/author_selection_image" class="android.widget.ImageView" package="org.wordpress.android" content-desc="" checkable="false" checked="false" clickable="false" enabled="true" focusable="false" focused="false" scrollable="false" long-clickable="false" password="false" selected="false" bounds="[42,307][154,419]" /></node></node><node index="1" text="" resource-id="org.wordpress.android:id/tabLayout" class="android.widget.HorizontalScrollView" package="org.wordpress.android" content-desc="" checkable="false" checked="false" clickable="false" enabled="true" focusable="true" focused="false" scrollable="true" long-clickable="false" password="false" selected="false" bounds="[154,280][1440,447]"><node index="0" text="" resource-id="" class="android.widget.LinearLayout" package="org.wordpress.android" content-desc="" checkable="false" checked="false" clickable="false" enabled="true" focusable="false" focused="false" scrollable="false" long-clickable="false" password="false" selected="false" bounds="[210,280][1440,447]"><node index="0" text="" resource-id="" class="android.widget.LinearLayout" package="org.wordpress.android" content-desc="Published" checkable="false" checked="false" clickable="false" enabled="true" focusable="true" focused="false" scrollable="false" long-clickable="false" password="false" selected="true" bounds="[210,280][590,447]"><node index="0" text="PUBLISHED" resource-id="" class="android.widget.TextView" package="org.wordpress.android" content-desc="" checkable="false" checked="false" clickable="false" enabled="true" focusable="false" focused="false" scrollable="false" long-clickable="false" password="false" selected="true" bounds="[252,330][548,396]" /></node><node index="1" text="" resource-id="" class="android.widget.LinearLayout" package="org.wordpress.android" content-desc="Drafts" checkable="false" checked="false" clickable="true" enabled="true" focusable="true" focused="false" scrollable="false" long-clickable="false" password="false" selected="false" bounds="[590,280][881,447]"><node index="0" text="DRAFTS" resource-id="" class="android.widget.TextView" package="org.wordpress.android" content-desc="" checkable="false" checked="false" clickable="false" enabled="true" focusable="false" focused="false" scrollable="false" long-clickable="false" password="false" selected="false" bounds="[632,330][839,396]" /></node><node index="2" text="" resource-id="" class="android.widget.LinearLayout" package="org.wordpress.android" content-desc="Scheduled" checkable="false" checked="false" clickable="true" enabled="true" focusable="true" focused="false" scrollable="false" long-clickable="false" password="false" selected="false" bounds="[881,280][1277,447]"><node index="0" text="SCHEDULED" resource-id="" class="android.widget.TextView" package="org.wordpress.android" content-desc="" checkable="false" checked="false" clickable="false" enabled="true" focusable="false" focused="false" scrollable="false" long-clickable="false" password="false" selected="false" bounds="[923,330][1235,396]" /></node><node index="3" text="" resource-id="" class="android.widget.LinearLayout" package="org.wordpress.android" content-desc="Trashed" checkable="false" checked="false" clickable="true" enabled="true" focusable="true" focused="false" scrollable="false" long-clickable="false" password="false" selected="false" bounds="[1277,280][1440,447]"><node index="0" text="TRASHED" resource-id="" class="android.widget.TextView" package="org.wordpress.android" content-desc="" checkable="false" checked="false" clickable="false" enabled="true" focusable="false" focused="false" scrollable="false" long-clickable="false" password="false" selected="false" bounds="[1319,330][1440,396]" /></node></node></node><node index="2" text="" resource-id="org.wordpress.android:id/post_list_tab_layout_fading_edge" class="android.view.View" package="org.wordpress.android" content-desc="" checkable="false" checked="false" clickable="false" enabled="true" focusable="false" focused="false" scrollable="false" long-clickable="false" password="false" selected="false" bounds="[154,280][210,447]" /></node></node><node index="1" text="" resource-id="org.wordpress.android:id/postPager" class="androidx.viewpager.widget.ViewPager" package="org.wordpress.android" content-desc="" checkable="false" checked="false" clickable="false" enabled="true" focusable="true" focused="false" scrollable="true" long-clickable="false" password="false" selected="false" bounds="[0,448][1440,2392]"><node index="0" text="" resource-id="org.wordpress.android:id/root_view" class="android.widget.RelativeLayout" package="org.wordpress.android" content-desc="" checkable="false" checked="false" clickable="false" enabled="true" focusable="false" focused="false" scrollable="false" long-clickable="false" password="false" selected="false" bounds="[0,448][1440,2392]"><node index="0" text="" resource-id="org.wordpress.android:id/ptr_layout" class="android.view.ViewGroup" package="org.wordpress.android" content-desc="" checkable="false" checked="false" clickable="false" enabled="true" focusable="false" focused="false" scrollable="false" long-clickable="false" password="false" selected="false" bounds="[0,448][1440,2392]"><node index="0" text="" resource-id="" class="android.widget.RelativeLayout" package="org.wordpress.android" content-desc="" checkable="false" checked="false" clickable="false" enabled="true" focusable="false" focused="false" scrollable="false" long-clickable="false" password="false" selected="false" bounds="[0,448][1440,2392]"><node index="0" text="" resource-id="" class="androidx.recyclerview.widget.RecyclerView" package="org.wordpress.android" content-desc="" checkable="false" checked="false" clickable="false" enabled="true" focusable="true" focused="true" scrollable="true" long-clickable="false" password="false" selected="false" bounds="[0,448][1440,2392]"><node index="0" text="" resource-id="" class="android.widget.LinearLayout" package="org.wordpress.android" content-desc="" checkable="false" checked="false" clickable="true" enabled="true" focusable="true" focused="false" scrollable="false" long-clickable="false" password="false" selected="false" bounds="[0,448][1440,902]"><node index="0" text="" resource-id="" class="android.widget.FrameLayout" package="org.wordpress.android" content-desc="" checkable="false" checked="false" clickable="false" enabled="true" focusable="false" focused="false" scrollable="false" long-clickable="false" password="false" selected="false" bounds="[0,448][1440,898]"><node index="0" text="" resource-id="org.wordpress.android:id/container" class="android.view.ViewGroup" package="org.wordpress.android" content-desc="" checkable="false" checked="false" clickable="false" enabled="true" focusable="false" focused="false" scrollable="false" long-clickable="false" password="false" selected="false" bounds="[0,448][1440,898]"><node index="0" text="古古怪怪" resource-id="org.wordpress.android:id/title" class="android.widget.TextView" package="org.wordpress.android" content-desc="" checkable="false" checked="false" clickable="false" enabled="true" focusable="false" focused="false" scrollable="false" long-clickable="false" password="false" selected="false" bounds="[56,504][1384,580]" /><node index="1" text="Apr 6  ·  wenjielinjugmailcom" resource-id="org.wordpress.android:id/post_info" class="android.widget.TextView" package="org.wordpress.android" content-desc="" checkable="false" checked="false" clickable="false" enabled="true" focusable="false" focused="false" scrollable="false" long-clickable="false" password="false" selected="false" bounds="[56,608][1384,674]" /><node index="2" text="" resource-id="org.wordpress.android:id/layout_buttons" class="android.widget.LinearLayout" package="org.wordpress.android" content-desc="" checkable="false" checked="false" clickable="false" enabled="true" focusable="false" focused="false" scrollable="false" long-clickable="false" password="false" selected="false" bounds="[0,730][1440,898]"><node index="0" text="" resource-id="org.wordpress.android:id/btn_primary" class="android.widget.LinearLayout" package="org.wordpress.android" content-desc="" checkable="false" checked="false" clickable="true" enabled="true" focusable="true" focused="false" scrollable="false" long-clickable="false" password="false" selected="false" bounds="[0,730][480,898]"><node index="0" text="" resource-id="" class="android.widget.LinearLayout" package="org.wordpress.android" content-desc="" checkable="false" checked="false" clickable="false" enabled="true" focusable="false" focused="false" scrollable="false" long-clickable="false" password="false" selected="false" bounds="[0,730][480,898]"><node index="0" text="" resource-id="org.wordpress.android:id/image" class="android.widget.ImageView" package="org.wordpress.android" content-desc="" checkable="false" checked="false" clickable="false" enabled="true" focusable="false" focused="false" scrollable="false" long-clickable="false" password="false" selected="false" bounds="[156,786][212,842]" /><node index="1" text="Edit" resource-id="org.wordpress.android:id/text" class="android.widget.TextView" package="org.wordpress.android" content-desc="" checkable="false" checked="false" clickable="false" enabled="true" focusable="false" focused="false" scrollable="false" long-clickable="false" password="false" selected="false" bounds="[240,781][324,847]" /></node></node><node index="1" text="" resource-id="org.wordpress.android:id/btn_secondary" class="android.widget.LinearLayout" package="org.wordpress.android" content-desc="" checkable="false" checked="false" clickable="true" enabled="true" focusable="true" focused="false" scrollable="false" long-clickable="false" password="false" selected="false" bounds="[480,730][960,898]"><node index="0" text="" resource-id="" class="android.widget.LinearLayout" package="org.wordpress.android" content-desc="" checkable="false" checked="false" clickable="false" enabled="true" focusable="false" focused="false" scrollable="false" long-clickable="false" password="false" selected="false" bounds="[480,730][960,898]"><node index="0" text="" resource-id="org.wordpress.android:id/image" class="android.widget.ImageView" package="org.wordpress.android" content-desc="" checkable="false" checked="false" clickable="false" enabled="true" focusable="false" focused="false" scrollable="false" long-clickable="false" password="false" selected="false" bounds="[625,786][681,842]" /><node index="1" text="View" resource-id="org.wordpress.android:id/text" class="android.widget.TextView" package="org.wordpress.android" content-desc="" checkable="false" checked="false" clickable="false" enabled="true" focusable="false" focused="false" scrollable="false" long-clickable="false" password="false" selected="false" bounds="[709,781][815,847]" /></node></node><node index="2" text="" resource-id="org.wordpress.android:id/btn_ternary" class="android.widget.LinearLayout" package="org.wordpress.android" content-desc="" checkable="false" checked="false" clickable="true" enabled="true" focusable="true" focused="false" scrollable="false" long-clickable="false" password="false" selected="false" bounds="[960,730][1440,898]"><node index="0" text="" resource-id="" class="android.widget.LinearLayout" package="org.wordpress.android" content-desc="" checkable="false" checked="false" clickable="false" enabled="true" focusable="false" focused="false" scrollable="false" long-clickable="false" password="false" selected="false" bounds="[960,730][1440,898]"><node index="0" text="" resource-id="org.wordpress.android:id/image" class="android.widget.ImageView" package="org.wordpress.android" content-desc="" checkable="false" checked="false" clickable="false" enabled="true" focusable="false" focused="false" scrollable="false" long-clickable="false" password="false" selected="false" bounds="[1101,786][1157,842]" /><node index="1" text="More" resource-id="org.wordpress.android:id/text" class="android.widget.TextView" package="org.wordpress.android" content-desc="" checkable="false" checked="false" clickable="false" enabled="true" focusable="false" focused="false" scrollable="false" long-clickable="false" password="false" selected="false" bounds="[1185,781][1299,847]" /></node></node></node></node></node><node index="1" text="" resource-id="" class="android.view.View" package="org.wordpress.android" content-desc="" checkable="false" checked="false" clickable="false" enabled="true" focusable="false" focused="false" scrollable="false" long-clickable="false" password="false" selected="false" bounds="[0,898][1440,902]" /></node><node index="1" text="" resource-id="" class="android.widget.LinearLayout" package="org.wordpress.android" content-desc="" checkable="false" checked="false" clickable="true" enabled="true" focusable="true" focused="false" scrollable="false" long-clickable="false" password="false" selected="false" bounds="[0,930][1440,1478]"><node index="0" text="" resource-id="" class="android.widget.FrameLayout" package="org.wordpress.android" content-desc="" checkable="false" checked="false" clickable="false" enabled="true" focusable="false" focused="false" scrollable="false" long-clickable="false" password="false" selected="false" bounds="[0,930][1440,1474]"><node index="0" text="" resource-id="org.wordpress.android:id/container" class="android.view.ViewGroup" package="org.wordpress.android" content-desc="" checkable="false" checked="false" clickable="false" enabled="true" focusable="false" focused="false" scrollable="false" long-clickable="false" password="false" selected="false" bounds="[0,930][1440,1474]"><node index="0" text="New blog" resource-id="org.wordpress.android:id/title" class="android.widget.TextView" package="org.wordpress.android" content-desc="" checkable="false" checked="false" clickable="false" enabled="true" focusable="false" focused="false" scrollable="false" long-clickable="false" password="false" selected="false" bounds="[56,986][1384,1062]" /><node index="1" text="New blog" resource-id="org.wordpress.android:id/excerpt" class="android.widget.TextView" package="org.wordpress.android" content-desc="" checkable="false" checked="false" clickable="false" enabled="true" focusable="false" focused="false" scrollable="false" long-clickable="false" password="false" selected="false" bounds="[56,1090][1384,1156]" /><node index="2" text="Dec 9, 2019  ·  wenjielinjugmailcom" resource-id="org.wordpress.android:id/post_info" class="android.widget.TextView" package="org.wordpress.android" content-desc="" checkable="false" checked="false" clickable="false" enabled="true" focusable="false" focused="false" scrollable="false" long-clickable="false" password="false" selected="false" bounds="[56,1184][1384,1250]" /><node index="3" text="" resource-id="org.wordpress.android:id/layout_buttons" class="android.widget.LinearLayout" package="org.wordpress.android" content-desc="" checkable="false" checked="false" clickable="false" enabled="true" focusable="false" focused="false" scrollable="false" long-clickable="false" password="false" selected="false" bounds="[0,1306][1440,1474]"><node index="0" text="" resource-id="org.wordpress.android:id/btn_primary" class="android.widget.LinearLayout" package="org.wordpress.android" content-desc="" checkable="false" checked="false" clickable="true" enabled="true" focusable="true" focused="false" scrollable="false" long-clickable="false" password="false" selected="false" bounds="[0,1306][480,1474]"><node index="0" text="" resource-id="" class="android.widget.LinearLayout" package="org.wordpress.android" content-desc="" checkable="false" checked="false" clickable="false" enabled="true" focusable="false" focused="false" scrollable="false" long-clickable="false" password="false" selected="false" bounds="[0,1306][480,1474]"><node index="0" text="" resource-id="org.wordpress.android:id/image" class="android.widget.ImageView" package="org.wordpress.android" content-desc="" checkable="false" checked="false" clickable="false" enabled="true" focusable="false" focused="false" scrollable="false" long-clickable="false" password="false" selected="false" bounds="[156,1362][212,1418]" /><node index="1" text="Edit" resource-id="org.wordpress.android:id/text" class="android.widget.TextView" package="org.wordpress.android" content-desc="" checkable="false" checked="false" clickable="false" enabled="true" focusable="false" focused="false" scrollable="false" long-clickable="false" password="false" selected="false" bounds="[240,1357][324,1423]" /></node></node><node index="1" text="" resource-id="org.wordpress.android:id/btn_secondary" class="android.widget.LinearLayout" package="org.wordpress.android" content-desc="" checkable="false" checked="false" clickable="true" enabled="true" focusable="true" focused="false" scrollable="false" long-clickable="false" password="false" selected="false" bounds="[480,1306][960,1474]"><node index="0" text="" resource-id="" class="android.widget.LinearLayout" package="org.wordpress.android" content-desc="" checkable="false" checked="false" clickable="false" enabled="true" focusable="false" focused="false" scrollable="false" long-clickable="false" password="false" selected="false" bounds="[480,1306][960,1474]"><node index="0" text="" resource-id="org.wordpress.android:id/image" class="android.widget.ImageView" package="org.wordpress.android" content-desc="" checkable="false" checked="false" clickable="false" enabled="true" focusable="false" focused="false" scrollable="false" long-clickable="false" password="false" selected="false" bounds="[625,1362][681,1418]" /><node index="1" text="View" resource-id="org.wordpress.android:id/text" class="android.widget.TextView" package="org.wordpress.android" content-desc="" checkable="false" checked="false" clickable="false" enabled="true" focusable="false" focused="false" scrollable="false" long-clickable="false" password="false" selected="false" bounds="[709,1357][815,1423]" /></node></node><node index="2" text="" resource-id="org.wordpress.android:id/btn_ternary" class="android.widget.LinearLayout" package="org.wordpress.android" content-desc="" checkable="false" checked="false" clickable="true" enabled="true" focusable="true" focused="false" scrollable="false" long-clickable="false" password="false" selected="false" bounds="[960,1306][1440,1474]"><node index="0" text="" resource-id="" class="android.widget.LinearLayout" package="org.wordpress.android" content-desc="" checkable="false" checked="false" clickable="false" enabled="true" focusable="false" focused="false" scrollable="false" long-clickable="false" password="false" selected="false" bounds="[960,1306][1440,1474]"><node index="0" text="" resource-id="org.wordpress.android:id/image" class="android.widget.ImageView" package="org.wordpress.android" content-desc="" checkable="false" checked="false" clickable="false" enabled="true" focusable="false" focused="false" scrollable="false" long-clickable="false" password="false" selected="false" bounds="[1101,1362][1157,1418]" /><node index="1" text="More" resource-id="org.wordpress.android:id/text" class="android.widget.TextView" package="org.wordpress.android" content-desc="" checkable="false" checked="false" clickable="false" enabled="true" focusable="false" focused="false" scrollable="false" long-clickable="false" password="false" selected="false" bounds="[1185,1357][1299,1423]" /></node></node></node></node></node><node index="1" text="" resource-id="" class="android.view.View" package="org.wordpress.android" content-desc="" checkable="false" checked="false" clickable="false" enabled="true" focusable="false" focused="false" scrollable="false" long-clickable="false" password="false" selected="false" bounds="[0,1474][1440,1478]" /></node><node index="2" text="" resource-id="" class="android.widget.LinearLayout" package="org.wordpress.android" content-desc="" checkable="false" checked="false" clickable="true" enabled="true" focusable="true" focused="false" scrollable="false" long-clickable="false" password="false" selected="false" bounds="[0,1506][1440,1960]"><node index="0" text="" resource-id="" class="android.widget.FrameLayout" package="org.wordpress.android" content-desc="" checkable="false" checked="false" clickable="false" enabled="true" focusable="false" focused="false" scrollable="false" long-clickable="false" password="false" selected="false" bounds="[0,1506][1440,1956]"><node index="0" text="" resource-id="org.wordpress.android:id/container" class="android.view.ViewGroup" package="org.wordpress.android" content-desc="" checkable="false" checked="false" clickable="false" enabled="true" focusable="false" focused="false" scrollable="false" long-clickable="false" password="false" selected="false" bounds="[0,1506][1440,1956]"><node index="0" text="abc" resource-id="org.wordpress.android:id/title" class="android.widget.TextView" package="org.wordpress.android" content-desc="" checkable="false" checked="false" clickable="false" enabled="true" focusable="false" focused="false" scrollable="false" long-clickable="false" password="false" selected="false" bounds="[56,1562][1384,1638]" /><node index="1" text="Dec 1, 2019  ·  wenjielinjugmailcom" resource-id="org.wordpress.android:id/post_info" class="android.widget.TextView" package="org.wordpress.android" content-desc="" checkable="false" checked="false" clickable="false" enabled="true" focusable="false" focused="false" scrollable="false" long-clickable="false" password="false" selected="false" bounds="[56,1666][1384,1732]" /><node index="2" text="" resource-id="org.wordpress.android:id/layout_buttons" class="android.widget.LinearLayout" package="org.wordpress.android" content-desc="" checkable="false" checked="false" clickable="false" enabled="true" focusable="false" focused="false" scrollable="false" long-clickable="false" password="false" selected="false" bounds="[0,1788][1440,1956]"><node index="0" text="" resource-id="org.wordpress.android:id/btn_primary" class="android.widget.LinearLayout" package="org.wordpress.android" content-desc="" checkable="false" checked="false" clickable="true" enabled="true" focusable="true" focused="false" scrollable="false" long-clickable="false" password="false" selected="false" bounds="[0,1788][480,1956]"><node index="0" text="" resource-id="" class="android.widget.LinearLayout" package="org.wordpress.android" content-desc="" checkable="false" checked="false" clickable="false" enabled="true" focusable="false" focused="false" scrollable="false" long-clickable="false" password="false" selected="false" bounds="[0,1788][480,1956]"><node index="0" text="" resource-id="org.wordpress.android:id/image" class="android.widget.ImageView" package="org.wordpress.android" content-desc="" checkable="false" checked="false" clickable="false" enabled="true" focusable="false" focused="false" scrollable="false" long-clickable="false" password="false" selected="false" bounds="[156,1844][212,1900]" /><node index="1" text="Edit" resource-id="org.wordpress.android:id/text" class="android.widget.TextView" package="org.wordpress.android" content-desc="" checkable="false" checked="false" clickable="false" enabled="true" focusable="false" focused="false" scrollable="false" long-clickable="false" password="false" selected="false" bounds="[240,1839][324,1905]" /></node></node><node index="1" text="" resource-id="org.wordpress.android:id/btn_secondary" class="android.widget.LinearLayout" package="org.wordpress.android" content-desc="" checkable="false" checked="false" clickable="true" enabled="true" focusable="true" focused="false" scrollable="false" long-clickable="false" password="false" selected="false" bounds="[480,1788][960,1956]"><node index="0" text="" resource-id="" class="android.widget.LinearLayout" package="org.wordpress.android" content-desc="" checkable="false" checked="false" clickable="false" enabled="true" focusable="false" focused="false" scrollable="false" long-clickable="false" password="false" selected="false" bounds="[480,1788][960,1956]"><node index="0" text="" resource-id="org.wordpress.android:id/image" class="android.widget.ImageView" package="org.wordpress.android" content-desc="" checkable="false" checked="false" clickable="false" enabled="true" focusable="false" focused="false" scrollable="false" long-clickable="false" password="false" selected="false" bounds="[625,1844][681,1900]" /><node index="1" text="View" resource-id="org.wordpress.android:id/text" class="android.widget.TextView" package="org.wordpress.android" content-desc="" checkable="false" checked="false" clickable="false" enabled="true" focusable="false" focused="false" scrollable="false" long-clickable="false" password="false" selected="false" bounds="[709,1839][815,1905]" /></node></node><node index="2" text="" resource-id="org.wordpress.android:id/btn_ternary" class="android.widget.LinearLayout" package="org.wordpress.android" content-desc="" checkable="false" checked="false" clickable="true" enabled="true" focusable="true" focused="false" scrollable="false" long-clickable="false" password="false" selected="false" bounds="[960,1788][1440,1956]"><node index="0" text="" resource-id="" class="android.widget.LinearLayout" package="org.wordpress.android" content-desc="" checkable="false" checked="false" clickable="false" enabled="true" focusable="false" focused="false" scrollable="false" long-clickable="false" password="false" selected="false" bounds="[960,1788][1440,1956]"><node index="0" text="" resource-id="org.wordpress.android:id/image" class="android.widget.ImageView" package="org.wordpress.android" content-desc="" checkable="false" checked="false" clickable="false" enabled="true" focusable="false" focused="false" scrollable="false" long-clickable="false" password="false" selected="false" bounds="[1101,1844][1157,1900]" /><node index="1" text="More" resource-id="org.wordpress.android:id/text" class="android.widget.TextView" package="org.wordpress.android" content-desc="" checkable="false" checked="false" clickable="false" enabled="true" focusable="false" focused="false" scrollable="false" long-clickable="false" password="false" selected="false" bounds="[1185,1839][1299,1905]" /></node></node></node></node></node><node index="1" text="" resource-id="" class="android.view.View" package="org.wordpress.android" content-desc="" checkable="false" checked="false" clickable="false" enabled="true" focusable="false" focused="false" scrollable="false" long-clickable="false" password="false" selected="false" bounds="[0,1956][1440,1960]" /></node><node index="3" text="" resource-id="" class="android.widget.LinearLayout" package="org.wordpress.android" content-desc="" checkable="false" checked="false" clickable="true" enabled="true" focusable="true" focused="false" scrollable="false" long-clickable="false" password="false" selected="false" bounds="[0,1988][1440,2392]"><node index="0" text="" resource-id="" class="android.widget.FrameLayout" package="org.wordpress.android" content-desc="" checkable="false" checked="false" clickable="false" enabled="true" focusable="false" focused="false" scrollable="false" long-clickable="false" password="false" selected="false" bounds="[0,1988][1440,2392]"><node index="0" text="" resource-id="org.wordpress.android:id/container" class="android.view.ViewGroup" package="org.wordpress.android" content-desc="" checkable="false" checked="false" clickable="false" enabled="true" focusable="false" focused="false" scrollable="false" long-clickable="false" password="false" selected="false" bounds="[0,1988][1440,2392]"><node index="0" text="TITLE4" resource-id="org.wordpress.android:id/title" class="android.widget.TextView" package="org.wordpress.android" content-desc="" checkable="false" checked="false" clickable="false" enabled="true" focusable="false" focused="false" scrollable="false" long-clickable="false" password="false" selected="false" bounds="[56,2044][1384,2120]" /><node index="1" text="Dec 1, 2019  ·  wenjielinjugmailcom" resource-id="org.wordpress.android:id/post_info" class="android.widget.TextView" package="org.wordpress.android" content-desc="" checkable="false" checked="false" clickable="false" enabled="true" focusable="false" focused="false" scrollable="false" long-clickable="false" password="false" selected="false" bounds="[56,2148][1384,2214]" /><node index="2" text="" resource-id="org.wordpress.android:id/layout_buttons" class="android.widget.LinearLayout" package="org.wordpress.android" content-desc="" checkable="false" checked="false" clickable="false" enabled="true" focusable="false" focused="false" scrollable="false" long-clickable="false" password="false" selected="false" bounds="[0,2270][1440,2392]"><node index="0" text="" resource-id="org.wordpress.android:id/btn_primary" class="android.widget.LinearLayout" package="org.wordpress.android" content-desc="" checkable="false" checked="false" clickable="true" enabled="true" focusable="true" focused="false" scrollable="false" long-clickable="false" password="false" selected="false" bounds="[0,2270][480,2392]"><node index="0" text="" resource-id="" class="android.widget.LinearLayout" package="org.wordpress.android" content-desc="" checkable="false" checked="false" clickable="false" enabled="true" focusable="false" focused="false" scrollable="false" long-clickable="false" password="false" selected="false" bounds="[0,2270][480,2392]"><node index="0" text="" resource-id="org.wordpress.android:id/image" class="android.widget.ImageView" package="org.wordpress.android" content-desc="" checkable="false" checked="false" clickable="false" enabled="true" focusable="false" focused="false" scrollable="false" long-clickable="false" password="false" selected="false" bounds="[156,2326][212,2382]" /><node index="1" text="Edit" resource-id="org.wordpress.android:id/text" class="android.widget.TextView" package="org.wordpress.android" content-desc="" checkable="false" checked="false" clickable="false" enabled="true" focusable="false" focused="false" scrollable="false" long-clickable="false" password="false" selected="false" bounds="[240,2321][324,2387]" /></node></node><node index="1" text="" resource-id="org.wordpress.android:id/btn_secondary" class="android.widget.LinearLayout" package="org.wordpress.android" content-desc="" checkable="false" checked="false" clickable="true" enabled="true" focusable="true" focused="false" scrollable="false" long-clickable="false" password="false" selected="false" bounds="[480,2270][960,2392]"><node index="0" text="" resource-id="" class="android.widget.LinearLayout" package="org.wordpress.android" content-desc="" checkable="false" checked="false" clickable="false" enabled="true" focusable="false" focused="false" scrollable="false" long-clickable="false" password="false" selected="false" bounds="[480,2270][960,2392]"><node index="0" text="" resource-id="org.wordpress.android:id/image" class="android.widget.ImageView" package="org.wordpress.android" content-desc="" checkable="false" checked="false" clickable="false" enabled="true" focusable="false" focused="false" scrollable="false" long-clickable="false" password="false" selected="false" bounds="[625,2326][681,2382]" /><node index="1" text="View" resource-id="org.wordpress.android:id/text" class="android.widget.TextView" package="org.wordpress.android" content-desc="" checkable="false" checked="false" clickable="false" enabled="true" focusable="false" focused="false" scrollable="false" long-clickable="false" password="false" selected="false" bounds="[709,2321][815,2387]" /></node></node><node index="2" text="" resource-id="org.wordpress.android:id/btn_ternary" class="android.widget.LinearLayout" package="org.wordpress.android" content-desc="" checkable="false" checked="false" clickable="true" enabled="true" focusable="true" focused="false" scrollable="false" long-clickable="false" password="false" selected="false" bounds="[960,2270][1440,2392]"><node index="0" text="" resource-id="" class="android.widget.LinearLayout" package="org.wordpress.android" content-desc="" checkable="false" checked="false" clickable="false" enabled="true" focusable="false" focused="false" scrollable="false" long-clickable="false" password="false" selected="false" bounds="[960,2270][1440,2392]"><node index="0" text="" resource-id="org.wordpress.android:id/image" class="android.widget.ImageView" package="org.wordpress.android" content-desc="" checkable="false" checked="false" clickable="false" enabled="true" focusable="false" focused="false" scrollable="false" long-clickable="false" password="false" selected="false" bounds="[1101,2326][1157,2382]" /><node index="1" text="More" resource-id="org.wordpress.android:id/text" class="android.widget.TextView" package="org.wordpress.android" content-desc="" checkable="false" checked="false" clickable="false" enabled="true" focusable="false" focused="false" scrollable="false" long-clickable="false" password="false" selected="false" bounds="[1185,2321][1299,2387]" /></node></node></node></node></node></node></node></node></node></node></node><node index="2" text="" resource-id="" class="android.view.ViewGroup" package="org.wordpress.android" content-desc="" checkable="false" checked="false" clickable="false" enabled="true" focusable="false" focused="false" scrollable="false" long-clickable="false" password="false" selected="false" bounds="[0,2140][1440,2392]"><node index="0" text="" resource-id="org.wordpress.android:id/fab_button" class="android.widget.ImageButton" package="org.wordpress.android" content-desc="Create a post or story" checkable="false" checked="false" clickable="true" enabled="true" focusable="true" focused="false" scrollable="false" long-clickable="true" password="false" selected="false" bounds="[1188,2140][1384,2336]" /></node></node></node></node></node></node><node index="1" text="" resource-id="android:id/statusBarBackground" class="android.view.View" package="org.wordpress.android" content-desc="" checkable="false" checked="false" clickable="false" enabled="true" focusable="false" focused="false" scrollable="false" long-clickable="false" password="false" selected="false" bounds="[0,0][1440,84]" /><node index="2" text="" resource-id="android:id/navigationBarBackground" class="android.view.View" package="org.wordpress.android" content-desc="" checkable="false" checked="false" clickable="false" enabled="true" focusable="false" focused="false" scrollable="false" long-clickable="false" password="false" selected="false" bounds="[0,0][0,0]" /></node></hierarchy>