<?xml version='1.0' encoding='UTF-8' standalone='yes' ?><hierarchy rotation="0"><node index="0" text="" resource-id="" class="android.widget.FrameLayout" package="org.wordpress.android" content-desc="" checkable="false" checked="false" clickable="false" enabled="true" focusable="false" focused="false" scrollable="false" long-clickable="false" password="false" selected="false" bounds="[0,0][1440,2392]"><node index="0" text="" resource-id="" class="android.widget.LinearLayout" package="org.wordpress.android" content-desc="" checkable="false" checked="false" clickable="false" enabled="true" focusable="false" focused="false" scrollable="false" long-clickable="false" password="false" selected="false" bounds="[0,0][1440,2392]"><node index="0" text="" resource-id="" class="android.widget.FrameLayout" package="org.wordpress.android" content-desc="" checkable="false" checked="false" clickable="false" enabled="true" focusable="false" focused="false" scrollable="false" long-clickable="false" password="false" selected="false" bounds="[0,84][1440,2392]"><node index="0" text="" resource-id="org.wordpress.android:id/action_bar_root" class="android.widget.FrameLayout" package="org.wordpress.android" content-desc="" checkable="false" checked="false" clickable="false" enabled="true" focusable="false" focused="false" scrollable="false" long-clickable="false" password="false" selected="false" bounds="[0,84][1440,2392]"><node index="0" text="" resource-id="android:id/content" class="android.widget.FrameLayout" package="org.wordpress.android" content-desc="" checkable="false" checked="false" clickable="false" enabled="true" focusable="false" focused="false" scrollable="false" long-clickable="false" password="false" selected="false" bounds="[0,84][1440,2392]"><node index="0" text="" resource-id="org.wordpress.android:id/webview_wrapper" class="android.widget.RelativeLayout" package="org.wordpress.android" content-desc="" checkable="false" checked="false" clickable="false" enabled="true" focusable="false" focused="false" scrollable="false" long-clickable="false" password="false" selected="false" bounds="[0,84][1440,2392]"><node index="0" text="" resource-id="org.wordpress.android:id/toolbar" class="android.view.ViewGroup" package="org.wordpress.android" content-desc="" checkable="false" checked="false" clickable="false" enabled="true" focusable="false" focused="false" scrollable="false" long-clickable="false" password="false" selected="false" bounds="[0,84][1440,280]"><node index="0" text="" resource-id="" class="android.widget.ImageButton" package="org.wordpress.android" content-desc="Navigate up" checkable="false" checked="false" clickable="true" enabled="true" focusable="true" focused="false" scrollable="false" long-clickable="false" password="false" selected="false" bounds="[0,84][196,280]" /><node index="1" text="abc – struggggle" resource-id="" class="android.widget.TextView" package="org.wordpress.android" content-desc="" checkable="false" checked="false" clickable="false" enabled="true" focusable="false" focused="false" scrollable="false" long-clickable="false" password="false" selected="false" bounds="[252,135][784,228]" /><node index="2" text="" resource-id="" class="android.support.v7.widget.LinearLayoutCompat" package="org.wordpress.android" content-desc="" checkable="false" checked="false" clickable="false" enabled="true" focusable="false" focused="false" scrollable="false" long-clickable="false" password="false" selected="false" bounds="[964,84][1440,280]"><node index="0" text="" resource-id="org.wordpress.android:id/menu_browser" class="android.widget.TextView" package="org.wordpress.android" content-desc="View in browser" checkable="false" checked="false" clickable="true" enabled="true" focusable="true" focused="false" scrollable="false" long-clickable="true" password="false" selected="false" bounds="[964,98][1132,266]" /><node index="1" text="" resource-id="org.wordpress.android:id/menu_share" class="android.widget.TextView" package="org.wordpress.android" content-desc="Share link" checkable="false" checked="false" clickable="true" enabled="true" focusable="true" focused="false" scrollable="false" long-clickable="true" password="false" selected="false" bounds="[1132,98][1300,266]" /><node index="2" text="" resource-id="" class="android.widget.ImageView" package="org.wordpress.android" content-desc="More options" checkable="false" checked="false" clickable="true" enabled="true" focusable="true" focused="false" scrollable="false" long-clickable="true" password="false" selected="false" bounds="[1300,98][1440,266]" /></node></node><node index="1" text="" resource-id="" class="android.webkit.WebView" package="org.wordpress.android" content-desc="" checkable="false" checked="false" clickable="false" enabled="true" focusable="false" focused="false" scrollable="false" long-clickable="false" password="false" selected="false" bounds="[0,280][1440,2392]"><node index="0" text="abc – struggggle" resource-id="" class="android.webkit.WebView" package="org.wordpress.android" content-desc="" checkable="false" checked="false" clickable="false" enabled="true" focusable="true" focused="true" scrollable="true" long-clickable="false" password="false" selected="false" bounds="[0,280][1440,2392]"><node index="0" text="" resource-id="" class="android.view.View" package="org.wordpress.android" content-desc="" checkable="false" checked="false" clickable="true" enabled="true" focusable="false" focused="false" scrollable="false" long-clickable="false" password="false" selected="false" bounds="[0,441][1440,2392]"><node index="0" text="" resource-id="page" class="android.view.View" package="org.wordpress.android" content-desc="" checkable="false" checked="false" clickable="false" enabled="true" focusable="false" focused="false" scrollable="false" long-clickable="false" password="false" selected="false" bounds="[0,441][1440,2392]"><node index="0" text="跳转到内容" resource-id="" class="android.view.View" package="org.wordpress.android" content-desc="" checkable="false" checked="false" clickable="true" enabled="true" focusable="true" focused="false" scrollable="false" long-clickable="false" password="false" selected="false" bounds="[0,441][3,444]" /><node index="1" text="" resource-id="hero-header" class="android.view.View" package="org.wordpress.android" content-desc="" checkable="false" checked="false" clickable="false" enabled="true" focusable="false" focused="false" scrollable="false" long-clickable="false" password="false" selected="false" bounds="[0,605][1440,1102]"><node index="0" text="" resource-id="masthead" class="android.view.View" package="org.wordpress.android" content-desc="" checkable="false" checked="false" clickable="false" enabled="true" focusable="false" focused="false" scrollable="false" long-clickable="false" password="false" selected="false" bounds="[0,605][1440,1102]"><node index="0" text="  " resource-id="" class="android.view.View" package="org.wordpress.android" content-desc="" checkable="false" checked="false" clickable="false" enabled="true" focusable="false" focused="false" scrollable="false" long-clickable="false" password="false" selected="false" bounds="[220,605][1440,1102]" /><node index="1" text="strugg.home" resource-id="" class="android.view.View" package="org.wordpress.android" content-desc="" checkable="false" checked="false" clickable="true" enabled="true" focusable="true" focused="false" scrollable="false" long-clickable="false" password="false" selected="false" bounds="[108,605][1333,889]" /><node index="2" text="" resource-id="" class="android.view.View" package="org.wordpress.android" content-desc="" checkable="false" checked="false" clickable="false" enabled="true" focusable="false" focused="false" scrollable="false" long-clickable="false" password="false" selected="false" bounds="[108,941][1333,1102]"><node index="0" text="struggggle" resource-id="" class="android.view.View" package="org.wordpress.android" content-desc="" checkable="false" checked="false" clickable="true" enabled="true" focusable="true" focused="false" scrollable="false" long-clickable="false" password="false" selected="false" bounds="[392,920][1050,1120]" /></node><node index="3" text="  " resource-id="" class="android.view.View" package="org.wordpress.android" content-desc="" checkable="false" checked="false" clickable="false" enabled="true" focusable="false" focused="false" scrollable="false" long-clickable="false" password="false" selected="false" bounds="[220,1596][1440,2096]" /></node></node><node index="2" text="" resource-id="content-wrapper" class="android.view.View" package="org.wordpress.android" content-desc="" checkable="false" checked="false" clickable="false" enabled="true" focusable="false" focused="false" scrollable="false" long-clickable="false" password="false" selected="false" bounds="[0,1211][1440,2392]"><node index="0" text="  " resource-id="" class="android.view.View" package="org.wordpress.android" content-desc="" checkable="false" checked="false" clickable="false" enabled="true" focusable="false" focused="false" scrollable="false" long-clickable="false" password="false" selected="false" bounds="[220,2390][1440,2392]" /><node index="1" text="" resource-id="content" class="android.view.View" package="org.wordpress.android" content-desc="" checkable="false" checked="false" clickable="false" enabled="true" focusable="false" focused="false" scrollable="false" long-clickable="false" password="false" selected="false" bounds="[108,1431][1333,2392]"><node index="0" text="  " resource-id="" class="android.view.View" package="org.wordpress.android" content-desc="" checkable="false" checked="false" clickable="false" enabled="true" focusable="false" focused="false" scrollable="false" long-clickable="false" password="false" selected="false" bounds="[329,2390][1440,2392]" /><node index="1" text="" resource-id="primary" class="android.view.View" package="org.wordpress.android" content-desc="" checkable="false" checked="false" clickable="false" enabled="true" focusable="false" focused="false" scrollable="false" long-clickable="false" password="false" selected="false" bounds="[108,1431][1333,2392]"><node index="0" text="" resource-id="main" class="android.view.View" package="org.wordpress.android" content-desc="" checkable="false" checked="false" clickable="false" enabled="true" focusable="false" focused="false" scrollable="false" long-clickable="false" password="false" selected="false" bounds="[108,1431][1333,2392]"><node index="0" text="" resource-id="post-137" class="android.view.View" package="org.wordpress.android" content-desc="" checkable="false" checked="false" clickable="false" enabled="true" focusable="false" focused="false" scrollable="false" long-clickable="false" password="false" selected="false" bounds="[108,1431][1333,2392]"><node index="0" text="" resource-id="" class="android.view.View" package="org.wordpress.android" content-desc="" checkable="false" checked="false" clickable="false" enabled="true" focusable="false" focused="false" scrollable="false" long-clickable="false" password="false" selected="false" bounds="[108,1431][1333,1578]"><node index="0" text="abc" resource-id="" class="android.view.View" package="org.wordpress.android" content-desc="" checkable="false" checked="false" clickable="false" enabled="true" focusable="false" focused="false" scrollable="false" long-clickable="false" password="false" selected="false" bounds="[108,1431][1333,1578]" /></node><node index="1" text="" resource-id="" class="android.view.View" package="org.wordpress.android" content-desc="" checkable="false" checked="false" clickable="false" enabled="true" focusable="false" focused="false" scrollable="false" long-clickable="false" password="false" selected="false" bounds="[108,1596][1333,1774]"><node index="0" text="" resource-id="" class="android.view.View" package="org.wordpress.android" content-desc="" checkable="false" checked="false" clickable="false" enabled="true" focusable="false" focused="false" scrollable="false" long-clickable="false" password="false" selected="false" bounds="[101,1606][175,1680]" /><node index="1" text="wenjielinjugmailcom" resource-id="" class="android.view.View" package="org.wordpress.android" content-desc="" checkable="false" checked="false" clickable="true" enabled="true" focusable="true" focused="false" scrollable="false" long-clickable="false" password="false" selected="false" bounds="[175,1606][658,1680]" /><node index="2" text="" resource-id="" class="android.view.View" package="org.wordpress.android" content-desc="" checkable="false" checked="false" clickable="false" enabled="true" focusable="false" focused="false" scrollable="false" long-clickable="false" password="false" selected="false" bounds="[721,1606][794,1680]" /><node index="3" text="未分类" resource-id="" class="android.view.View" package="org.wordpress.android" content-desc="" checkable="false" checked="false" clickable="true" enabled="true" focusable="true" focused="false" scrollable="false" long-clickable="false" password="false" selected="false" bounds="[794,1606][945,1680]" /><node index="4" text="" resource-id="" class="android.view.View" package="org.wordpress.android" content-desc="" checkable="false" checked="false" clickable="false" enabled="true" focusable="false" focused="false" scrollable="false" long-clickable="false" password="false" selected="false" bounds="[101,1697][175,1771]" /><node index="5" text="2019年12月1日" resource-id="" class="android.view.View" package="org.wordpress.android" content-desc="" checkable="false" checked="false" clickable="false" enabled="true" focusable="false" focused="false" scrollable="false" long-clickable="false" password="false" selected="false" bounds="[175,1694][514,1767]" /><node index="6" text="" resource-id="" class="android.view.View" package="org.wordpress.android" content-desc="" checkable="false" checked="false" clickable="false" enabled="true" focusable="false" focused="false" scrollable="false" long-clickable="false" password="false" selected="false" bounds="[574,1690][661,1778]" /><node index="7" text="1 Minute" resource-id="" class="android.view.View" package="org.wordpress.android" content-desc="" checkable="false" checked="false" clickable="false" enabled="true" focusable="false" focused="false" scrollable="false" long-clickable="false" password="false" selected="false" bounds="[658,1694][857,1767]" /></node><node index="2" text="  " resource-id="" class="android.view.View" package="org.wordpress.android" content-desc="" checkable="false" checked="false" clickable="false" enabled="true" focusable="false" focused="false" scrollable="false" long-clickable="false" password="false" selected="false" bounds="[108,2390][1333,2392]" /><node index="3" text="" resource-id="" class="android.view.View" package="org.wordpress.android" content-desc="" checkable="false" checked="false" clickable="false" enabled="true" focusable="false" focused="false" scrollable="false" long-clickable="false" password="false" selected="false" bounds="[108,1942][1333,2392]"><node index="0" text="img_20200927_171352-1" resource-id="" class="android.view.View" package="org.wordpress.android" content-desc="" checkable="false" checked="false" clickable="true" enabled="true" focusable="true" focused="false" scrollable="false" long-clickable="false" password="false" selected="false" bounds="[108,1942][1333,2392]" /><node index="1" text="e3e1a4735f1c6682c884e3f85f45e997-1" resource-id="" class="android.view.View" package="org.wordpress.android" content-desc="" checkable="false" checked="false" clickable="true" enabled="true" focusable="true" focused="false" scrollable="false" long-clickable="false" password="false" selected="false" bounds="[108,2390][1333,2392]" /></node><node index="4" text="" resource-id="" class="android.view.View" package="org.wordpress.android" content-desc="" checkable="false" checked="false" clickable="false" enabled="true" focusable="false" focused="false" scrollable="false" long-clickable="false" password="false" selected="false" bounds="[108,2390][1333,2392]"><node index="0" text="772ec00ff2a550daaa92f5227894e9fe-1" resource-id="" class="android.view.View" package="org.wordpress.android" content-desc="" checkable="false" checked="false" clickable="true" enabled="true" focusable="true" focused="false" scrollable="false" long-clickable="false" password="false" selected="false" bounds="[108,2390][1333,2392]" /></node><node index="5" text="" resource-id="" class="android.view.View" package="org.wordpress.android" content-desc="" checkable="false" checked="false" clickable="false" enabled="true" focusable="false" focused="false" scrollable="false" long-clickable="false" password="false" selected="false" bounds="[108,2390][1333,2392]"><node index="0" text="e4a34b2d1a71a6660b51eedf90f0dd54-1" resource-id="" class="android.view.View" package="org.wordpress.android" content-desc="" checkable="false" checked="false" clickable="true" enabled="true" focusable="true" focused="false" scrollable="false" long-clickable="false" password="false" selected="false" bounds="[108,2390][1333,2392]" /><node index="1" text="bb33f841e65d588299cfce07d4cd8282" resource-id="" class="android.view.View" package="org.wordpress.android" content-desc="" checkable="false" checked="false" clickable="true" enabled="true" focusable="true" focused="false" scrollable="false" long-clickable="false" password="false" selected="false" bounds="[108,2390][1333,2392]" /></node><node index="6" text="  " resource-id="" class="android.view.View" package="org.wordpress.android" content-desc="" checkable="false" checked="false" clickable="false" enabled="true" focusable="false" focused="false" scrollable="false" long-clickable="false" password="false" selected="false" bounds="[108,2390][1333,2392]" /><node index="7" text="  " resource-id="" class="android.view.View" package="org.wordpress.android" content-desc="" checkable="false" checked="false" clickable="false" enabled="true" focusable="false" focused="false" scrollable="false" long-clickable="false" password="false" selected="false" bounds="[108,2390][1333,2392]" /><node index="8" text="  " resource-id="" class="android.view.View" package="org.wordpress.android" content-desc="" checkable="false" checked="false" clickable="false" enabled="true" focusable="false" focused="false" scrollable="false" long-clickable="false" password="false" selected="false" bounds="[108,2390][1333,2392]" /><node index="9" text="" resource-id="" class="android.view.View" package="org.wordpress.android" content-desc="" checkable="false" checked="false" clickable="false" enabled="true" focusable="false" focused="false" scrollable="false" long-clickable="false" password="false" selected="false" bounds="[108,2390][1333,2392]"><node index="0" text="  " resource-id="" class="android.view.View" package="org.wordpress.android" content-desc="" checkable="false" checked="false" clickable="false" enabled="true" focusable="false" focused="false" scrollable="false" long-clickable="false" password="false" selected="false" bounds="[108,2390][1333,2392]" /><node index="1" text="" resource-id="" class="android.view.View" package="org.wordpress.android" content-desc="" checkable="false" checked="false" clickable="false" enabled="true" focusable="false" focused="false" scrollable="false" long-clickable="false" password="false" selected="false" bounds="[1050,2390][1333,2392]"><node index="0" text="" resource-id="" class="android.widget.Image" package="org.wordpress.android" content-desc="" checkable="false" checked="false" clickable="false" enabled="true" focusable="false" focused="false" scrollable="false" long-clickable="false" password="false" selected="false" bounds="[1050,2390][1333,2392]" /></node><node index="2" text="" resource-id="" class="android.view.View" package="org.wordpress.android" content-desc="" checkable="false" checked="false" clickable="false" enabled="true" focusable="false" focused="false" scrollable="false" long-clickable="false" password="false" selected="false" bounds="[108,2390][1333,2392]"><node index="0" text="发布者：wenjielinjugmailcom" resource-id="" class="android.view.View" package="org.wordpress.android" content-desc="" checkable="false" checked="false" clickable="false" enabled="true" focusable="false" focused="false" scrollable="false" long-clickable="false" password="false" selected="false" bounds="[108,2390][1333,2392]" /></node><node index="3" text="" resource-id="" class="android.view.View" package="org.wordpress.android" content-desc="" checkable="false" checked="false" clickable="false" enabled="true" focusable="false" focused="false" scrollable="false" long-clickable="false" password="false" selected="false" bounds="[108,2390][1333,2392]"><node index="0" text="查看 wenjielinjugmailcom 发布的所有文章" resource-id="" class="android.view.View" package="org.wordpress.android" content-desc="" checkable="false" checked="false" clickable="true" enabled="true" focusable="true" focused="false" scrollable="false" long-clickable="false" password="false" selected="false" bounds="[108,2390][962,2392]" /></node><node index="4" text="  " resource-id="" class="android.view.View" package="org.wordpress.android" content-desc="" checkable="false" checked="false" clickable="false" enabled="true" focusable="false" focused="false" scrollable="false" long-clickable="false" password="false" selected="false" bounds="[108,2390][1333,2392]" /></node></node><node index="1" text="文章" resource-id="" class="android.view.View" package="org.wordpress.android" content-desc="" checkable="false" checked="false" clickable="false" enabled="true" focusable="false" focused="false" scrollable="false" long-clickable="false" password="false" selected="false" bounds="[108,2390][1333,2392]"><node index="0" text="文章导航" resource-id="" class="android.view.View" package="org.wordpress.android" content-desc="" checkable="false" checked="false" clickable="false" enabled="true" focusable="false" focused="false" scrollable="false" long-clickable="false" password="false" selected="false" bounds="[0,2390][3,2392]" /><node index="1" text="  " resource-id="" class="android.view.View" package="org.wordpress.android" content-desc="" checkable="false" checked="false" clickable="false" enabled="true" focusable="false" focused="false" scrollable="false" long-clickable="false" password="false" selected="false" bounds="[329,2390][1440,2392]" /><node index="2" text="" resource-id="" class="android.view.View" package="org.wordpress.android" content-desc="" checkable="false" checked="false" clickable="false" enabled="true" focusable="false" focused="false" scrollable="false" long-clickable="false" password="false" selected="false" bounds="[98,2390][1323,2392]"><node index="0" text=" Previous Post TITLE4" resource-id="" class="android.view.View" package="org.wordpress.android" content-desc="" checkable="false" checked="false" clickable="true" enabled="true" focusable="true" focused="false" scrollable="false" long-clickable="false" password="false" selected="false" bounds="[98,2390][343,2392]" /></node><node index="3" text="" resource-id="" class="android.view.View" package="org.wordpress.android" content-desc="" checkable="false" checked="false" clickable="false" enabled="true" focusable="false" focused="false" scrollable="false" long-clickable="false" password="false" selected="false" bounds="[1046,2390][1344,2392]"><node index="0" text="Next Post New blog" resource-id="" class="android.view.View" package="org.wordpress.android" content-desc="" checkable="false" checked="false" clickable="true" enabled="true" focusable="true" focused="false" scrollable="false" long-clickable="false" password="false" selected="false" bounds="[1046,2390][1344,2392]" /></node><node index="4" text="  " resource-id="" class="android.view.View" package="org.wordpress.android" content-desc="" checkable="false" checked="false" clickable="false" enabled="true" focusable="false" focused="false" scrollable="false" long-clickable="false" password="false" selected="false" bounds="[329,2390][1440,2392]" /></node><node index="2" text="" resource-id="comments" class="android.view.View" package="org.wordpress.android" content-desc="" checkable="false" checked="false" clickable="false" enabled="true" focusable="false" focused="false" scrollable="false" long-clickable="false" password="false" selected="false" bounds="[108,2390][1333,2392]"><node index="0" text="" resource-id="respond" class="android.view.View" package="org.wordpress.android" content-desc="" checkable="false" checked="false" clickable="false" enabled="true" focusable="false" focused="false" scrollable="false" long-clickable="false" password="false" selected="false" bounds="[108,2390][1333,2392]"><node index="0" text="发表评论 " resource-id="reply-title" class="android.view.View" package="org.wordpress.android" content-desc="" checkable="false" checked="false" clickable="false" enabled="true" focusable="false" focused="false" scrollable="false" long-clickable="false" password="false" selected="false" bounds="[108,2390][689,2392]" /><node index="1" text="" resource-id="commentform" class="android.view.View" package="org.wordpress.android" content-desc="" checkable="false" checked="false" clickable="false" enabled="true" focusable="false" focused="false" scrollable="false" long-clickable="false" password="false" selected="false" bounds="[108,2390][1333,2392]"><node index="0" text="" resource-id="" class="android.view.View" package="org.wordpress.android" content-desc="" checkable="false" checked="false" clickable="false" enabled="true" focusable="false" focused="false" scrollable="false" long-clickable="false" password="false" selected="false" bounds="[108,2390][1333,2392]"><node index="0" text="电子邮件地址不会被公开。" resource-id="email-notes" class="android.view.View" package="org.wordpress.android" content-desc="" checkable="false" checked="false" clickable="false" enabled="true" focusable="false" focused="false" scrollable="false" long-clickable="false" password="false" selected="false" bounds="[108,2390][826,2392]" /><node index="1" text=" 必填项已用" resource-id="" class="android.view.View" package="org.wordpress.android" content-desc="" checkable="false" checked="false" clickable="false" enabled="true" focusable="false" focused="false" scrollable="false" long-clickable="false" password="false" selected="false" bounds="[822,2390][1137,2392]" /><node index="2" text="*" resource-id="" class="android.view.View" package="org.wordpress.android" content-desc="" checkable="false" checked="false" clickable="false" enabled="true" focusable="false" focused="false" scrollable="false" long-clickable="false" password="false" selected="false" bounds="[1134,2390][1172,2392]" /><node index="3" text="标注" resource-id="" class="android.view.View" package="org.wordpress.android" content-desc="" checkable="false" checked="false" clickable="false" enabled="true" focusable="false" focused="false" scrollable="false" long-clickable="false" password="false" selected="false" bounds="[1169,2390][1291,2392]" /></node><node index="1" text="评论" resource-id="" class="android.view.View" package="org.wordpress.android" content-desc="" checkable="false" checked="false" clickable="false" enabled="true" focusable="false" focused="false" scrollable="false" long-clickable="false" password="false" selected="false" bounds="[108,2390][1333,2392]" /><node NAF="true" index="2" text="" resource-id="comment" class="android.widget.EditText" package="org.wordpress.android" content-desc="" checkable="false" checked="false" clickable="true" enabled="true" focusable="true" focused="false" scrollable="false" long-clickable="false" password="false" selected="false" bounds="[108,2390][1333,2392]" /><node index="3" text="名称 *" resource-id="" class="android.view.View" package="org.wordpress.android" content-desc="" checkable="false" checked="false" clickable="false" enabled="true" focusable="false" focused="false" scrollable="false" long-clickable="false" password="false" selected="false" bounds="[108,2390][1333,2392]" /><node NAF="true" index="4" text="" resource-id="author" class="android.widget.EditText" package="org.wordpress.android" content-desc="" checkable="false" checked="false" clickable="true" enabled="true" focusable="true" focused="false" scrollable="false" long-clickable="false" password="false" selected="false" bounds="[108,2390][1333,2392]" /><node index="5" text="电子邮箱 *" resource-id="" class="android.view.View" package="org.wordpress.android" content-desc="" checkable="false" checked="false" clickable="false" enabled="true" focusable="false" focused="false" scrollable="false" long-clickable="false" password="false" selected="false" bounds="[108,2390][1333,2392]" /><node NAF="true" index="6" text="" resource-id="email" class="android.widget.EditText" package="org.wordpress.android" content-desc="" checkable="false" checked="false" clickable="true" enabled="true" focusable="true" focused="false" scrollable="false" long-clickable="false" password="false" selected="false" bounds="[108,2390][1333,2392]" /><node index="7" text="网址" resource-id="" class="android.view.View" package="org.wordpress.android" content-desc="" checkable="false" checked="false" clickable="false" enabled="true" focusable="false" focused="false" scrollable="false" long-clickable="false" password="false" selected="false" bounds="[108,2390][1333,2392]" /><node NAF="true" index="8" text="" resource-id="url" class="android.widget.EditText" package="org.wordpress.android" content-desc="" checkable="false" checked="false" clickable="true" enabled="true" focusable="true" focused="false" scrollable="false" long-clickable="false" password="false" selected="false" bounds="[108,2390][1333,2392]" /><node index="9" text="" resource-id="" class="android.view.View" package="org.wordpress.android" content-desc="" checkable="false" checked="false" clickable="false" enabled="true" focusable="false" focused="false" scrollable="false" long-clickable="false" password="false" selected="false" bounds="[108,2390][1333,2392]"><node index="0" text="发表评论" resource-id="submit" class="android.widget.Button" package="org.wordpress.android" content-desc="" checkable="false" checked="false" clickable="true" enabled="true" focusable="true" focused="false" scrollable="false" long-clickable="false" password="false" selected="false" bounds="[108,2390][441,2392]" /></node><node index="10" text="" resource-id="" class="android.view.View" package="org.wordpress.android" content-desc="" checkable="false" checked="false" clickable="false" enabled="true" focusable="false" focused="false" scrollable="false" long-clickable="false" password="false" selected="false" bounds="[108,2390][1333,2392]"><node index="0" text="有新评论时通过电子邮件通知我。" resource-id="subscribe" class="android.widget.CheckBox" package="org.wordpress.android" content-desc="" checkable="true" checked="false" clickable="true" enabled="true" focusable="true" focused="false" scrollable="false" long-clickable="false" password="false" selected="false" bounds="[108,2390][168,2392]" /></node><node index="11" text="" resource-id="" class="android.view.View" package="org.wordpress.android" content-desc="" checkable="false" checked="false" clickable="false" enabled="true" focusable="false" focused="false" scrollable="false" long-clickable="false" password="false" selected="false" bounds="[108,2390][1333,2392]"><node index="0" text="通过邮件通知我有新文章。" resource-id="subscribe_blog" class="android.widget.CheckBox" package="org.wordpress.android" content-desc="" checkable="true" checked="false" clickable="true" enabled="true" focusable="true" focused="false" scrollable="false" long-clickable="false" password="false" selected="false" bounds="[108,2390][168,2392]" /></node></node></node></node></node></node><node index="2" text="" resource-id="secondary" class="android.view.View" package="org.wordpress.android" content-desc="" checkable="false" checked="false" clickable="false" enabled="true" focusable="false" focused="false" scrollable="false" long-clickable="false" password="false" selected="false" bounds="[108,2390][1333,2392]"><node index="0" text="" resource-id="search-1" class="android.view.View" package="org.wordpress.android" content-desc="" checkable="false" checked="false" clickable="false" enabled="true" focusable="false" focused="false" scrollable="false" long-clickable="false" password="false" selected="false" bounds="[108,2390][1333,2392]"><node index="0" text="搜索" resource-id="" class="android.view.View" package="org.wordpress.android" content-desc="" checkable="false" checked="false" clickable="false" enabled="true" focusable="false" focused="false" scrollable="false" long-clickable="false" password="false" selected="false" bounds="[108,2390][1333,2392]" /><node index="1" text="" resource-id="" class="android.view.View" package="org.wordpress.android" content-desc="" checkable="false" checked="false" clickable="false" enabled="true" focusable="false" focused="false" scrollable="false" long-clickable="false" password="false" selected="false" bounds="[108,2390][1333,2392]"><node index="0" text="" resource-id="" class="android.view.View" package="org.wordpress.android" content-desc="" checkable="false" checked="false" clickable="false" enabled="true" focusable="false" focused="false" scrollable="false" long-clickable="false" password="false" selected="false" bounds="[108,2390][990,2392]"><node index="0" text="搜索：" resource-id="" class="android.view.View" package="org.wordpress.android" content-desc="" checkable="false" checked="false" clickable="false" enabled="true" focusable="false" focused="false" scrollable="false" long-clickable="false" password="false" selected="false" bounds="[0,2390][3,2392]" /><node NAF="true" index="1" text="" resource-id="" class="android.widget.EditText" package="org.wordpress.android" content-desc="" checkable="false" checked="false" clickable="true" enabled="true" focusable="true" focused="false" scrollable="false" long-clickable="false" password="false" selected="false" bounds="[108,2390][990,2392]" /></node></node></node><node index="1" text="" resource-id="text-1" class="android.view.View" package="org.wordpress.android" content-desc="" checkable="false" checked="false" clickable="false" enabled="true" focusable="false" focused="false" scrollable="false" long-clickable="false" password="false" selected="false" bounds="[108,2390][1333,2392]"><node index="0" text="边栏文本小组件" resource-id="" class="android.view.View" package="org.wordpress.android" content-desc="" checkable="false" checked="false" clickable="false" enabled="true" focusable="false" focused="false" scrollable="false" long-clickable="false" password="false" selected="false" bounds="[108,2390][1333,2392]" /><node index="1" text="" resource-id="" class="android.view.View" package="org.wordpress.android" content-desc="" checkable="false" checked="false" clickable="false" enabled="true" focusable="false" focused="false" scrollable="false" long-clickable="false" password="false" selected="false" bounds="[108,2390][1333,2392]"><node index="0" text="这是文本小组件。通过文本小组件，您可以向主题的所有边栏添加文本或 HTML。您可以使用文本小组件显示文本、链接、图片、HTML 或这些内容的组合，还可以在" resource-id="" class="android.view.View" package="org.wordpress.android" content-desc="" checkable="false" checked="false" clickable="false" enabled="true" focusable="false" focused="false" scrollable="false" long-clickable="false" password="false" selected="false" bounds="[108,2390][1302,2392]" /><node index="1" text="定制器" resource-id="" class="android.view.View" package="org.wordpress.android" content-desc="" checkable="false" checked="false" clickable="true" enabled="true" focusable="true" focused="false" scrollable="false" long-clickable="false" password="false" selected="false" bounds="[668,2390][840,2392]" /><node index="2" text="的“小组件”部分编辑这些内容。" resource-id="" class="android.view.View" package="org.wordpress.android" content-desc="" checkable="false" checked="false" clickable="false" enabled="true" focusable="false" focused="false" scrollable="false" long-clickable="false" password="false" selected="false" bounds="[108,2390][1281,2392]" /></node></node></node><node index="3" text="  " resource-id="" class="android.view.View" package="org.wordpress.android" content-desc="" checkable="false" checked="false" clickable="false" enabled="true" focusable="false" focused="false" scrollable="false" long-clickable="false" password="false" selected="false" bounds="[329,2390][1440,2392]" /></node><node index="2" text="" resource-id="colophon" class="android.view.View" package="org.wordpress.android" content-desc="" checkable="false" checked="false" clickable="false" enabled="true" focusable="false" focused="false" scrollable="false" long-clickable="false" password="false" selected="false" bounds="[108,2390][1333,2392]"><node index="0" text="" resource-id="" class="android.view.View" package="org.wordpress.android" content-desc="" checkable="false" checked="false" clickable="false" enabled="true" focusable="false" focused="false" scrollable="false" long-clickable="false" password="false" selected="false" bounds="[108,2390][1333,2392]"><node index="0" text="通过访问 WordPress.com 创建免费网站或博客." resource-id="" class="android.view.View" package="org.wordpress.android" content-desc="" checkable="false" checked="false" clickable="true" enabled="true" focusable="true" focused="false" scrollable="false" long-clickable="false" password="false" selected="false" bounds="[206,2390][1235,2392]" /></node></node><node index="3" text="  " resource-id="" class="android.view.View" package="org.wordpress.android" content-desc="" checkable="false" checked="false" clickable="false" enabled="true" focusable="false" focused="false" scrollable="false" long-clickable="false" password="false" selected="false" bounds="[220,2390][1440,2392]" /></node></node><node index="1" text="" resource-id="marketingbar" class="android.view.View" package="org.wordpress.android" content-desc="" checkable="false" checked="false" clickable="false" enabled="true" focusable="false" focused="false" scrollable="false" long-clickable="false" password="false" selected="false" bounds="[0,280][1440,437]"><node index="0" text="" resource-id="" class="android.view.View" package="org.wordpress.android" content-desc="" checkable="false" checked="false" clickable="false" enabled="true" focusable="false" focused="false" scrollable="false" long-clickable="false" password="false" selected="false" bounds="[290,318][1162,395]"><node index="0" text="" resource-id="" class="android.view.View" package="org.wordpress.android" content-desc="" checkable="false" checked="false" clickable="false" enabled="true" focusable="false" focused="false" scrollable="false" long-clickable="false" password="false" selected="false" bounds="[192,322][266,392]" /><node index="1" text="在 WordPress.com 上创建您自己的网站" resource-id="" class="android.view.View" package="org.wordpress.android" content-desc="" checkable="false" checked="false" clickable="false" enabled="true" focusable="false" focused="false" scrollable="false" long-clickable="false" password="false" selected="false" bounds="[290,318][1162,392]" /></node><node index="1" text="立即开始" resource-id="" class="android.view.View" package="org.wordpress.android" content-desc="" checkable="false" checked="false" clickable="true" enabled="true" focusable="true" focused="false" scrollable="false" long-clickable="false" password="false" selected="false" bounds="[1186,325][1249,388]" /><node index="2" text="在 WordPress.com 上创建您自己的网站" resource-id="" class="android.view.View" package="org.wordpress.android" content-desc="" checkable="false" checked="false" clickable="true" enabled="true" focusable="true" focused="false" scrollable="false" long-clickable="false" password="false" selected="false" bounds="[0,280][1440,434]" /></node><node index="2" text="" resource-id="" class="android.view.View" package="org.wordpress.android" content-desc="" checkable="false" checked="false" clickable="false" enabled="true" focusable="false" focused="false" scrollable="false" long-clickable="false" password="false" selected="false" bounds="[63,2331][1379,2331]" /><node index="3" text="" resource-id="actionbar" class="android.view.View" package="org.wordpress.android" content-desc="" checkable="false" checked="false" clickable="false" enabled="true" focusable="false" focused="false" scrollable="false" long-clickable="false" password="false" selected="false" bounds="[0,2240][1440,2392]"><node index="0" text="" resource-id="" class="android.widget.ListView" package="org.wordpress.android" content-desc="" checkable="false" checked="false" clickable="false" enabled="true" focusable="false" focused="false" scrollable="false" long-clickable="false" password="false" selected="false" bounds="[49,2261][1393,2376]"><node index="0" text="" resource-id="" class="android.view.View" package="org.wordpress.android" content-desc="" checkable="false" checked="false" clickable="false" enabled="true" focusable="false" focused="false" scrollable="false" long-clickable="false" password="false" selected="false" bounds="[1022,2261][1256,2376]"><node index="0" text="关注" resource-id="" class="android.view.View" package="org.wordpress.android" content-desc="" checkable="false" checked="false" clickable="true" enabled="true" focusable="true" focused="false" scrollable="false" long-clickable="false" password="false" selected="false" bounds="[1022,2261][1256,2376]" /></node><node NAF="true" index="1" text="" resource-id="" class="android.view.View" package="org.wordpress.android" content-desc="" checkable="false" checked="false" clickable="true" enabled="true" focusable="false" focused="false" scrollable="false" long-clickable="false" password="false" selected="false" bounds="[1256,2271][1386,2373]"><node index="0" text="" resource-id="" class="android.widget.Image" package="org.wordpress.android" content-desc="" checkable="false" checked="false" clickable="false" enabled="true" focusable="false" focused="false" scrollable="false" long-clickable="false" password="false" selected="false" bounds="[1284,2282][1368,2366]" /></node></node></node></node></node></node></node></node></node></node></node><node index="1" text="" resource-id="android:id/statusBarBackground" class="android.view.View" package="org.wordpress.android" content-desc="" checkable="false" checked="false" clickable="false" enabled="true" focusable="false" focused="false" scrollable="false" long-clickable="false" password="false" selected="false" bounds="[0,0][1440,84]" /><node index="2" text="" resource-id="android:id/navigationBarBackground" class="android.view.View" package="org.wordpress.android" content-desc="" checkable="false" checked="false" clickable="false" enabled="true" focusable="false" focused="false" scrollable="false" long-clickable="false" password="false" selected="false" bounds="[0,0][0,0]" /></node></hierarchy>